Designator,Val,Package,Mid X,Mid Y,Rotation,Layer,,,
C1,100n,C_0402_1005Metric,72.65,18.05,-90,T,,,
C2,1u 16V,C_0603_1608Metric,72.5,12.85,-90,T,,,
C3,1u 16V,C_0603_1608Metric,34.75,58.55,180,T,,,
C4,100n,C_0402_1005Metric,32.1,56.25,90,T,,,
C5,100n,C_0402_1005Metric,34.65,57.3,180,T,,,
C6,100n,C_0402_1005Metric,56.2,33.35,180,T,,,
C7,100n,C_0402_1005Metric,37.7,37.35,-90,T,,,
C8,100n,C_0402_1005Metric,59.45,32.25,90,T,,,
C9,10u,C_0805_2012Metric,23.3,83.7,90,T,,,
C10,100n,C_0402_1005Metric,30.2,76.65,-90,T,,,
C11,4u7 16V,C_0603_1608Metric,40.5,48.5,90,T,,,
C12,100n,C_0402_1005Metric,41.75,48.6,-90,T,,,
C13,4u7 16V,C_0603_1608Metric,56.9,36.3,180,T,,,
C14,100n,C_0402_1005Metric,56.9,37.5,0,T,,,
C15,10n,C_0402_1005Metric,68.4,57.7,0,T,,,
C16,1u 16V,C_0603_1608Metric,70.1,56.75,90,T,,,
C17,1u 16V,C_0603_1608Metric,71.6,56.75,90,T,,,
C18,100n,C_0402_1005Metric,67.95,56.3,90,T,,,
C19,1u 16V,C_0603_1608Metric,40.55,41.85,-90,T,,,
C20,100n,C_0402_1005Metric,41.75,42.5,90,T,,,
C21,6p8,C_0402_1005Metric,70.6125,53.3,90,T,,,
C22,6p8,C_0402_1005Metric,70.6125,51.45,-90,T,,,
C23,100n,C_0402_1005Metric,67.95,43.6,90,T,,,
C24,100n,C_0402_1005Metric,68,49.1,90,T,,,
C25,100n,C_0402_1005Metric,64,63.65,180,T,,,
C26,100n,C_0402_1005Metric,56.35,63.7,180,T,,,
C27,100n,C_0402_1005Metric,45.595,63.55,180,T,,,
C28,100n,C_0402_1005Metric,41.75,54.1,-90,T,,,
C29,100n,C_0402_1005Metric,41.75,40.65,90,T,,,
C30,100n,C_0402_1005Metric,68.4,54.9,0,T,,,
C31,100n,C_0402_1005Metric,51.85,37.5,0,T,,,
C32,100n,C_0402_1005Metric,63.7,37.5,0,T,,,
C33,1u 16V,C_0603_1608Metric,64.55,64.9,0,T,,,
C34,1u 16V,C_0603_1608Metric,70.15,48.5,-90,T,,,
C35,1u 16V,C_0603_1608Metric,46.15,64.8,0,T,,,
C36,1u 16V,C_0603_1608Metric,51.75,63.8,0,T,,,
C37,1u 16V,C_0603_1608Metric,40.95,55.75,0,T,,,
C38,100n,C_0402_1005Metric,40,54.1,90,T,,,
C39,100n,C_0402_1005Metric,43.75,65.5,0,T,,,
C40,10u 16V,C_0805_2012Metric,42.95,64.05,180,T,,,
C41,100n,C_0402_1005Metric,9.05,31.3,-90,T,,,
C42,100n,C_0402_1005Metric,6.6,42.2,-90,T,,,
C43,1u 16V,C_0603_1608Metric,5.35,41.65,-90,T,,,
C44,10u 16V,C_0805_2012Metric,7.1,46.8,90,T,,,
C45,100n,C_0402_1005Metric,8.6,46,90,T,,,
C46,100n,C_0402_1005Metric,19.3,33.95,90,T,,,
C47,330p,C_0402_1005Metric,11,32.2,-90,T,,,
C48,330p,C_0402_1005Metric,11,36.2,90,T,,,
C49,10u,C_0805_2012Metric,13.25,38.95,-90,T,,,
C50,10u,C_0805_2012Metric,15.25,38.95,-90,T,,,
C51,10u,C_0805_2012Metric,16.8,50.6,180,T,,,
C52,100n,C_0402_1005Metric,16.7,39.65,-90,T,,,
C53,1u 16V,C_0603_1608Metric,3.4,93.5,180,T,,,
C54,100n,C_0402_1005Metric,14.15,44.6,0,T,,,
C55,100n,C_0402_1005Metric,17,47.1,180,T,,,
C56,10u,C_0805_2012Metric,16.8,48.6,180,T,,,
C57,10u 16V,C_0805_2012Metric,76.8,62.8,180,T,,,
C58,100n,C_0402_1005Metric,68.45,50.5,0,T,,,
C59,10u 16V,C_0805_2012Metric,20.25,48.6,0,T,,,
C60,4u7 16V,C_0603_1608Metric,13.6,43.4,180,T,,,
C61,10u 16V,C_0805_2012Metric,2.2,47.6,180,T,,,
C62,100n,C_0402_1005Metric,4.4,47.5,90,T,,,
C63,100n,C_0402_1005Metric,2.35,42,180,T,,,
C64,10u 16V,C_0805_2012Metric,2.55,40.5,180,T,,,
C65,10u 16V,C_0805_2012Metric,13.4,41.65,180,T,,,
C66,100uF 16V,CP_Elec_6.3x5.2,4.2,56.1,-90,T,,,
C67,10u 16V,C_0805_2012Metric,8.85,58.7,90,T,,,
C68,100n,C_0402_1005Metric,10.35,58,90,T,,,
C69,100uF 16V,CP_Elec_6.3x5.2,4.1,70.6,-90,T,,,
C70,10u 16V,C_0805_2012Metric,8.7,73.2,90,T,,,
C71,100n,C_0402_1005Metric,10.2,72.48,90,T,,,
C72,100n,C_0402_1005Metric,22.95,60.35,-90,T,,,
C73,10u,C_0805_2012Metric,17.45,60.65,-90,T,,,
C74,10u,C_0805_2012Metric,19.45,60.6,-90,T,,,
C75,10u,C_0805_2012Metric,21.45,60.6,-90,T,,,
C76,100n,C_0402_1005Metric,22.8,75.1,-90,T,,,
C77,10u,C_0805_2012Metric,17.3,75.1,-90,T,,,
C78,10u,C_0805_2012Metric,19.3,75.1,-90,T,,,
C79,10u,C_0805_2012Metric,21.3,75.1,-90,T,,,
C80,10n,C_0402_1005Metric,18.95,57.3,90,T,,,
C81,10n,C_0402_1005Metric,18.8,71.78,90,T,,,
C82,47p,C_0402_1005Metric,10.33,54.47,-90,T,,,
C83,47p,C_0402_1005Metric,10.2,68.9,-90,T,,,
C84,2.2n,C_0402_1005Metric,8.83,53.95,0,T,,,
C85,2.2n,C_0402_1005Metric,8.8,68.4,0,T,,,
C86,10n,C_0402_1005Metric,68.45,51.45,0,T,,,
C87,10n,C_0402_1005Metric,68.45,46.75,0,T,,,
C88,10n,C_0402_1005Metric,68.45,47.7,0,T,,,
C89,10n,C_0402_1005Metric,68.45,45.8,0,T,,,
C90,1u 16V,C_0603_1608Metric,10.15,23.85,0,T,,,
C91,1u 16V,C_0603_1608Metric,26.1,23.85,0,T,,,
C92,1u 16V,C_0603_1608Metric,68.65,29.95,90,T,,,
C93,100n,C_0402_1005Metric,69.9,29.95,-90,T,,,
C94,1u 16V,C_0603_1608Metric,18.2,16.65,0,T,,,
C95,330p,C_0402_1005Metric,12.5,15.4,90,T,,,
C96,330p,C_0402_1005Metric,28.5,15.4,90,T,,,
C97,10n,C_0402_1005Metric,68.45,52.4,0,T,,,
C98,10n,C_0402_1005Metric,68.4,59.6,0,T,,,
C99,1u 16V,C_0603_1608Metric,34.2,16.65,0,T,,,
C100,330p,C_0402_1005Metric,13.9,15.8,180,T,,,
C101,330p,C_0402_1005Metric,29.9,15.85,180,T,,,
C102,330p,C_0402_1005Metric,20.65,15.85,180,T,,,
C103,330p,C_0402_1005Metric,19.15,21.75,0,T,,,
C104,330p,C_0402_1005Metric,36.6,15.8,180,T,,,
C105,330p,C_0402_1005Metric,35.15,21.7,0,T,,,
C106,330p,C_0402_1005Metric,22.5,15.85,0,T,,,
C107,330p,C_0402_1005Metric,38.5,15.8,0,T,,,
C108,10n,C_0402_1005Metric,68.4,53.95,0,T,,,
C109,10n,C_0402_1005Metric,68.4,58.65,0,T,,,
C110,1u 16V,C_0603_1608Metric,42.05,23.9,0,T,,,
C111,1u 16V,C_0603_1608Metric,58,23.85,0,T,,,
C112,1u 16V,C_0603_1608Metric,68.6,40.3,-90,T,,,
C113,100n,C_0402_1005Metric,69.8,40,90,T,,,
C114,1u 16V,C_0603_1608Metric,50.1,16.65,0,T,,,
C115,330p,C_0402_1005Metric,44.4,15.4,90,T,,,
C116,330p,C_0402_1005Metric,60.4,15.35,90,T,,,
C117,10n,C_0402_1005Metric,68.4,60.55,0,T,,,
C118,10n,C_0402_1005Metric,65.85,63.65,0,T,,,
C119,1u 16V,C_0603_1608Metric,66.1,16.6,0,T,,,
C120,330p,C_0402_1005Metric,45.8,15.85,180,T,,,
C121,330p,C_0402_1005Metric,61.8,15.8,180,T,,,
C122,330p,C_0402_1005Metric,52.57,15.8,180,T,,,
C123,330p,C_0402_1005Metric,51.05,21.7,0,T,,,
C124,330p,C_0402_1005Metric,68.55,15.8,180,T,,,
C125,330p,C_0402_1005Metric,67.05,21.7,0,T,,,
C126,330p,C_0402_1005Metric,54.45,15.8,0,T,,,
C127,330p,C_0402_1005Metric,70.45,15.8,0,T,,,
C128,10n,C_0402_1005Metric,66.75,62.6,0,T,,,
C129,10n,C_0402_1005Metric,68.4,61.5,0,T,,,
C130,330p,C_0402_1005Metric,11.65,88.85,0,T,,,
C131,330p,C_0402_1005Metric,27.55,88.85,0,T,,,
C132,1u 16V,C_0603_1608Metric,14.1,89.5,0,T,,,
C133,10n,C_0402_1005Metric,58.8,64.25,90,T,,,
C134,10n,C_0402_1005Metric,57.85,64.25,90,T,,,
C135,1u 16V,C_0603_1608Metric,29.95,89.5,0,T,,,
C136,330p,C_0402_1005Metric,9.776436,88.853224,180,T,,,
C137,330p,C_0402_1005Metric,25.7,88.85,180,T,,,
C138,10n,C_0402_1005Metric,59.75,64.25,90,T,,,
C139,10n,C_0402_1005Metric,60.7,64.25,90,T,,,
C140,1u 16V,C_0603_1608Metric,45.6,70.15,0,T,,,
C141,100n,C_0402_1005Metric,45.9,71.4,180,T,,,
C142,100n,C_0402_1005Metric,18.85,81,0,T,,,
C143,100n,C_0402_1005Metric,32.4,81.95,180,T,,,
C144,100n,C_0402_1005Metric,16.95,84.6,-90,T,,,
C145,100n,C_0402_1005Metric,32.85,84.6,-90,T,,,
C146,100n,C_0402_1005Metric,33.575,69.0875,0,T,,,
C147,10u 16V,C_0805_2012Metric,32.725,67.5875,0,T,,,
C148,100uF 16V,CP_Elec_6.3x5.2,35.05,62.95,0,T,,,
C149,4u7 16V,C_0603_1608Metric,35.225,68.0875,-90,T,,,
C150,10n,C_0402_1005Metric,31.725,69.0875,0,T,,,
C151,330p,C_0402_1005Metric,22.5,87.9,0,T,,,
C152,330p,C_0402_1005Metric,16.5,87.85,180,T,,,
C153,330p,C_0402_1005Metric,32.4,87.85,180,T,,,
C154,330p,C_0402_1005Metric,38.37,87.85,0,T,,,
C155,330p,C_0402_1005Metric,43.5075,88.85,0,T,,,
C156,330p,C_0402_1005Metric,59.3,88.85,0,T,,,
C157,1u 16V,C_0603_1608Metric,45.9,89.5,0,T,,,
C158,10n,C_0402_1005Metric,61.65,64.25,90,T,,,
C159,10n,C_0402_1005Metric,62.6,64.25,90,T,,,
C160,1u 16V,C_0603_1608Metric,61.75,89.5,0,T,,,
C161,330p,C_0402_1005Metric,41.65,88.85,180,T,,,
C162,330p,C_0402_1005Metric,57.45,88.85,180,T,,,
C163,10n,C_0402_1005Metric,65.75,70.35,180,T,,,
C164,10n,C_0402_1005Metric,72.6,70.9,90,T,,,
C165,1u 16V,C_0603_1608Metric,69.95,70.15,0,T,,,
C166,100n,C_0402_1005Metric,70,71.35,180,T,,,
C167,100n,C_0402_1005Metric,51.8,81,0,T,,,
C168,100n,C_0402_1005Metric,64.2,81.8,180,T,,,
C169,100n,C_0402_1005Metric,48.8,84.6,-90,T,,,
C170,100n,C_0402_1005Metric,64.6,84.62,-90,T,,,
C171,100n,C_0402_1005Metric,56.9,69.1,0,T,,,
C172,10u 16V,C_0805_2012Metric,56.08,67.6,0,T,,,
C173,100uF 16V,CP_Elec_6.3x5.2,71.15,65.55,0,T,,,
C174,4u7 16V,C_0603_1608Metric,58.58,68.1,-90,T,,,
C175,10n,C_0402_1005Metric,55.05,69.1,0,T,,,
C176,330p,C_0402_1005Metric,54.35,87.85,0,T,,,
C177,330p,C_0402_1005Metric,48.35,87.85,180,T,,,
C178,330p,C_0402_1005Metric,64.15,87.9,180,T,,,
C179,330p,C_0402_1005Metric,70.15,87.9,0,T,,,
C180,100n,C_0402_1005Metric,19.7,47.15,0,T,,,
C181,1u 16V,C_0603_1608Metric,74.95,51.15,90,T,,,
C182,100n,C_0402_1005Metric,76.2,51.45,-90,T,,,
D1,LED,LED_0402_1005Metric,52.85,32.9,90,T,,,
D2,LED,LED_0402_1005Metric,67.85,32.9175,-90,T,,,
D3,LED,LED_0402_1005Metric,37.85,32.9,90,T,,,
D4,ESD5Zxx,D_SOD-523,13.2,32.9,-90,T,,,
D5,ESD5Zxx,D_SOD-523,13.2,35.5,90,T,,,
D6,ESD9B5.0ST5G,D_SOD-923,12,32.2,90,T,,,
D7,ESD9B5.0ST5G,D_SOD-923,12,36.2,-90,T,,,
D8,LED,LED_0402_1005Metric,19.55,37.75,-90,T,,,
D9,LED,LED_0402_1005Metric,18.6,37.75,-90,T,,,
D10,LED,LED_0402_1005Metric,5.2,43.6,180,T,,,
D11,FSV330AF,D_SOD-128,19.55,63.85,180,T,,,
D12,FSV330AF,D_SOD-128,19.4,78.3,180,T,,,
D13,BAT54S,SOT-23,10.3,16.4,90,T,,,
D14,BAT54S,SOT-23,26.3,16.3375,90,T,,,
D15,BAT54S,SOT-23,14.7,18.2,-90,T,,,
D16,BAT54S,SOT-23,30.7,18.25,-90,T,,,
D17,ESD9B5.0ST5G,D_SOD-923,13.8725,14.85,0,T,,,
D18,ESD9B5.0ST5G,D_SOD-923,29.8725,14.85,0,T,,,
D19,BAT54S,SOT-23,18.1,19.3375,-90,T,,,
D20,BAT54S,SOT-23,34.1,19.3,-90,T,,,
D21,ESD9B5.0ST5G,D_SOD-923,20.65,14.9,0,T,,,
D22,ESD9B5.0ST5G,D_SOD-923,36.65,14.85,0,T,,,
D23,BAT54S,SOT-23,21.5,19.3375,-90,T,,,
D24,BAT54S,SOT-23,37.5,19.3,-90,T,,,
D25,ESD9B5.0ST5G,D_SOD-923,22.5,14.9,180,T,,,
D26,ESD9B5.0ST5G,D_SOD-923,38.53,14.85,180,T,,,
D27,BAT54S,SOT-23,42.2,16.45,90,T,,,
D28,BAT54S,SOT-23,58.2,16.35,90,T,,,
D29,BAT54S,SOT-23,46.6,18.25,-90,T,,,
D30,BAT54S,SOT-23,62.6,18.2,-90,T,,,
D31,ESD9B5.0ST5G,D_SOD-923,45.8,14.85,0,T,,,
D32,ESD9B5.0ST5G,D_SOD-923,61.8,14.85,0,T,,,
D33,BAT54S,SOT-23,50,19.3,-90,T,,,
D34,BAT54S,SOT-23,66,19.3,-90,T,,,
D35,ESD9B5.0ST5G,D_SOD-923,52.55,14.85,0,T,,,
D36,ESD9B5.0ST5G,D_SOD-923,68.55,14.85,0,T,,,
D37,BAT54S,SOT-23,53.4,19.3,-90,T,,,
D38,BAT54S,SOT-23,69.4,19.3,-90,T,,,
D39,ESD9B5.0ST5G,D_SOD-923,54.4275,14.85,180,T,,,
D40,ESD9B5.0ST5G,D_SOD-923,70.4,14.85,180,T,,,
D41,ESD9B5.0ST5G,D_SOD-923,11.65,89.8,180,T,,,
D42,ESD9B5.0ST5G,D_SOD-923,27.55,89.8,180,T,,,
D43,BAT54S,SOT-23,14.3,85.35,90,T,,,
D44,BAT54S,SOT-23,30.2,85.35,90,T,,,
D45,ESD9B5.0ST5G,D_SOD-923,9.8,89.8,0,T,,,
D46,ESD9B5.0ST5G,D_SOD-923,25.7,89.8,0,T,,,
D47,BAT54S,SOT-23,10.9,83.6,90,T,,,
D48,BAT54S,SOT-23,26.75,83.5625,90,T,,,
D49,SD12_SOD323,D_SOD-323,21.8,89.35,180,T,,,
D50,SD12_SOD323,D_SOD-323,17.25,89.3,0,T,,,
D51,SD12_SOD323,D_SOD-323,33.1,89.3,0,T,,,
D52,SD12_SOD323,D_SOD-323,37.7,89.3,180,T,,,
D53,ESD9B5.0ST5G,D_SOD-923,43.5375,89.8,180,T,,,
D54,ESD9B5.0ST5G,D_SOD-923,59.35,89.8,180,T,,,
D55,BAT54S,SOT-23,46.117006,85.33077,90,T,,,
D56,BAT54S,SOT-23,61.95,85.3,90,T,,,
D57,ESD9B5.0ST5G,D_SOD-923,41.65,89.8,0,T,,,
D58,ESD9B5.0ST5G,D_SOD-923,57.45,89.8,0,T,,,
D59,BAT54S,SOT-23,42.7,83.6,90,T,,,
D60,BAT54S,SOT-23,58.55,83.6,90,T,,,
D61,SD12_SOD323,D_SOD-323,53.6,89.3,180,T,,,
D62,SD12_SOD323,D_SOD-323,49,89.3,0,T,,,
D63,SD12_SOD323,D_SOD-323,64.85,89.35,0,T,,,
D64,SD12_SOD323,D_SOD-323,69.45,89.35,180,T,,,
D65,Inolux_IN-PI554FCH,LED_Inolux_IN-PI554FCH_PLCC4_5.0x5.0mm_P3.2mm,76.15,58.25,90,T,,,
F1,8V 2A,R_1812_4532Metric,4.5,63,0,T,,,
F2,8V 2A,R_1812_4532Metric,4.5,77.5,0,T,,,
F3,30mA,R_0603_1608Metric,18.2,15.15,180,T,,,
F4,30mA,R_0603_1608Metric,34.2,15.15,180,T,,,
F5,30mA,R_0603_1608Metric,50.1,15.15,180,T,,,
F6,30mA,R_0603_1608Metric,66.1,15.1,180,T,,,
F7,30mA,R_0603_1608Metric,14.1,88,180,T,,,
F8,30mA,R_0603_1608Metric,29.95,88,180,T,,,
F9,30mA,R_0603_1608Metric,45.9,88,180,T,,,
F10,30mA,R_0603_1608Metric,61.75,88,180,T,,,
FID1,Fiducial,Fiducial_1mm_Mask3mm,5,10.5,0,T,,,
FID2,Fiducial,Fiducial_1mm_Mask3mm,75,10.5,0,T,,,
FID3,Fiducial,Fiducial_1mm_Mask3mm,6.65,94.5,0,T,,,
FID4,Fiducial,Fiducial_1mm_Mask3mm,75,94.5,0,T,,,
J1,DF11-10DP-2DSA,JST_PHD_B10B-PHDSS_2x05_P2.00mm_Vertical,75.25,15.2,90,T,,,
J2,Raspberry_Pi_2_3,PinHeader_2x20_P2.54mm_Vertical,25.227032,79.138961,0,T,,,
J3,USB_C_Receptacle_USB2.0,USB_C_Receptacle_Palconn_UTC16-G,4.353195,34.143476,-90,T,,,
J4,Conn_01x02,JST_PH_B2B-PH-K_1x02_P2.00mm_Vertical,5.5,89.45,180,T,,,
J7,RJ12,RJ12_Amphenol_54601,12.83,12.02,0,T,,,
J8,RJ12,RJ12_Amphenol_54601,28.83,12.02,0,T,,,
J9,RJ12,RJ12_Amphenol_54601,44.75,12.02,0,T,,,
J10,RJ12,RJ12_Amphenol_54601,60.73,12.02,0,T,,,
J11,RJ12,RJ12_Amphenol_54601,19.25,92.86,180,T,,,
J12,RJ12,RJ12_Amphenol_54601,35.15,92.86,180,T,,,
J13,RJ12,RJ12_Amphenol_54601,51.07,92.86,180,T,,,
J14,RJ12,RJ12_Amphenol_54601,66.9,92.86,180,T,,,
L1,1.2uH 6.5A,L_Chilisin_BMRA00050520,12.1,48.35,90,T,,,
L2,6.8uH 3.6A,L_Ferrocore_DLG-0504,13.15,62,0,T,,,
L3,6.8uH 3.6A,L_Ferrocore_DLG-0504,13,76.5,0,T,,,
Q1,BSS84,SOT-23,42.35,33.65,0,T,,,
Q2,BSS84,SOT-23,42.35,37.1,0,T,,,
Q3,BSS84,SOT-23,31.65,44.4,-90,T,,,
Q4,2N7002,SOT-23,31.65,40.5,90,T,,,
Q5,BSS84,SOT-23,10.3,21.2,-90,T,,,
Q6,BSS84,SOT-23,26.3,21.15,-90,T,,,
Q7,2N7002,SOT-23,13.7,22.05,-90,T,,,
Q8,2N7002,SOT-23,29.7,22.1,-90,T,,,
Q9,BSS84,SOT-23,34.3375,23.9,0,T,,,
Q10,BSS84,SOT-23,18.3,23.95,0,T,,,
Q11,BSS84,SOT-23,50.2,23.9,0,T,,,
Q12,BSS84,SOT-23,66.2,23.9,0,T,,,
Q13,2N7002,SOT-23,77.45,48.6,-90,T,,,
Q15,2N7002,SOT-23,22.15,23.95,0,T,,,
Q16,2N7002,SOT-23,38.1875,23.9,0,T,,,
Q17,BSS84,SOT-23,42.2,21.25,-90,T,,,
Q18,BSS84,SOT-23,58.2,21.15,-90,T,,,
Q19,2N7002,SOT-23,45.6,22.1,-90,T,,,
Q20,2N7002,SOT-23,61.6,22.05,-90,T,,,
Q27,2N7002,SOT-23,54.05,23.9,0,T,,,
Q28,2N7002,SOT-23,70.1,23.9,0,T,,,
Q29,2N7002,SOT-23,39.25,77.65,-90,T,,,
Q30,2N7002,SOT-23,51.85,77.65,-90,T,,,
Q31,2N7002,SOT-23,39.25,73.8,90,T,,,
Q32,2N7002,SOT-23,51.85,73.7875,90,T,,,
Q33,2N7002,SOT-23,63.6,77.65,-90,T,,,
Q34,2N7002,SOT-23,76.2,77.6,-90,T,,,
Q35,2N7002,SOT-23,63.6,73.8,90,T,,,
Q36,2N7002,SOT-23,76.2,73.75,90,T,,,
Q37,2N7002,SOT-23,21.5,33.1,-90,T,,,
R1,10K,R_0402_1005Metric,37.75,55.25,0,T,,,
R2,10K,R_0402_1005Metric,37.75,54.25,0,T,,,
R3,10K,R_0402_1005Metric,37.75,56.25,0,T,,,
R4,10K,R_0402_1005Metric,32.1,54.4,-90,T,,,
R5,22,R_0402_1005Metric,31.25,59.35,90,T,,,
R6,10K,R_0402_1005Metric,56.210062,32.405119,0,T,,,
R7,10K,R_0402_1005Metric,39.1,37.85,180,T,,,
R8,10K,R_0402_1005Metric,58.45,32.25,-90,T,,,
R9,22,R_0402_1005Metric,30.3,59.35,90,T,,,
R10,330,R_0402_1005Metric,54.8,32.9,90,T,,,
R11,330,R_0402_1005Metric,36.3,36.85,0,T,,,
R12,330,R_0402_1005Metric,59.45,34.35,-90,T,,,
R13,10K,R_0402_1005Metric,39.85,34.1,-90,T,,,
R14,10K,R_0402_1005Metric,68.9,56.3,90,T,,,
R15,10K,R_0402_1005Metric,39.15,36.9,180,T,,,
R16,10K,R_0402_1005Metric,43.3,39.35,180,T,,,
R17,10K,R_0402_1005Metric,38.4,46.85,0,T,,,
R18,10K,R_0402_1005Metric,30.45,54.1,90,T,,,
R19,10K,R_0402_1005Metric,50.1,66.35,0,T,,,
R20,10K,R_0402_1005Metric,52,66.35,180,T,,,
R21,2K4,R_0402_1005Metric,74.35,45.55,0,T,,,
R22,2K4,R_0402_1005Metric,74.35,46.85,0,T,,,
R23,330,R_0402_1005Metric,53.85,32.9,-90,T,,,
R24,330,R_0402_1005Metric,67.1,36.65,0,T,,,
R25,330,R_0402_1005Metric,37.85,31,90,T,,,
R26,2K4,R_0402_1005Metric,72.4,45.55,0,T,,,
R27,2K4,R_0402_1005Metric,72.4,46.85,0,T,,,
R28,22,R_0402_1005Metric,5.6,46.05,-90,T,,,
R29,22,R_0402_1005Metric,9.51,35.7,0,T,,,
R30,22,R_0402_1005Metric,9.5,32.7,0,T,,,
R31,10K,R_0402_1005Metric,18.3,32.1,90,T,,,
R32,22,R_0402_1005Metric,9.5,34.7,0,T,,,
R33,10K,R_0402_1005Metric,7.3,40.35,90,T,,,
R34,22,R_0402_1005Metric,9.5,33.7,0,T,,,
R35,330,R_0402_1005Metric,19.3,32.1,-90,T,,,
R36,22,R_0402_1005Metric,10.3,40.35,90,T,,,
R37,22,R_0402_1005Metric,9.3,40.35,90,T,,,
R38,22,R_0402_1005Metric,8.3,40.35,90,T,,,
R39,10K,R_0402_1005Metric,20.5,36.9,-90,T,,,
R40,10K,R_0402_1005Metric,21.45,36.9,-90,T,,,
R41,10K,R_0402_1005Metric,21.9,41.45,180,T,,,
R42,220K,R_0402_1005Metric,30.9,46.85,0,T,,,
R43,10K,R_0402_1005Metric,34.35,41.65,180,T,,,
R44,22,R_0402_1005Metric,21.45,39.65,90,T,,,
R45,2K4,R_0402_1005Metric,19.55,39.65,-90,T,,,
R46,22,R_0402_1005Metric,20.5,39.65,90,T,,,
R47,2K4,R_0402_1005Metric,18.6,39.65,-90,T,,,
R48,22,R_0402_1005Metric,21.9,42.45,180,T,,,
R49,22,R_0402_1005Metric,21.9,43.45,180,T,,,
R50,330,R_0402_1005Metric,32.8,46.85,0,T,,,
R51,10K,R_0402_1005Metric,34.35,40.65,0,T,,,
R52,22,R_0402_1005Metric,17.65,39.65,90,T,,,
R53,10K,R_0402_1005Metric,21.45,44.9,90,T,,,
R54,2K4,R_0402_1005Metric,31.2,37.05,180,T,,,
R55,10K,R_0402_1005Metric,34.35,39.65,180,T,,,
R56,2K4,R_0402_1005Metric,5.2,44.6,0,T,,,
R57,10K,R_0402_1005Metric,22.4,44.9,-90,T,,,
R58,100K,R_0402_1005Metric,31.2,38.05,180,T,,,
R59,29K4,R_0402_1005Metric,20.055518,56.067537,90,T,,,
R60,51K,R_0402_1005Metric,20.3,71,0,T,,,
R61,10K,R_0402_1005Metric,20.3,70,180,T,,,
R62,10K,R_0402_1005Metric,18.93,55.05,90,T,,,
R63,51K,R_0402_1005Metric,8.83,54.95,0,T,,,
R64,51K,R_0402_1005Metric,8.8,69.4,0,T,,,
R65,10K,R_0402_1005Metric,18.8,69.49,90,T,,,
R66,51K,R_0402_1005Metric,9.55,29.85,180,T,,,
R67,29K4,R_0402_1005Metric,13,28.3,90,T,,,
R68,10K,R_0402_1005Metric,7.1,26.5,-90,T,,,
R69,2K4,R_0402_1005Metric,72.4,49.1,90,T,,,
R70,10K,R_0402_1005Metric,11,29.35,90,T,,,
R71,10K,R_0402_1005Metric,12,28.3,-90,T,,,
R72,10K,R_0402_1005Metric,7.6,27.9,180,T,,,
R73,10K,R_0402_1005Metric,73.35,49.1,-90,T,,,
R74,10K,R_0402_1005Metric,12.5,17.25,-90,T,,,
R75,10K,R_0402_1005Metric,28.5,17.26,-90,T,,,
R76,100K,R_0402_1005Metric,12.5,19.2,-90,T,,,
R77,100K,R_0402_1005Metric,28.5,19.16,-90,T,,,
R78,330,R_0402_1005Metric,14.46,24.45,180,T,,,
R79,330,R_0402_1005Metric,30.45,24.5,180,T,,,
R80,330,R_0402_1005Metric,11.05,18.8,0,T,,,
R81,330,R_0402_1005Metric,27.1,18.75,0,T,,,
R82,100K,R_0402_1005Metric,12.6,24.45,0,T,,,
R83,100K,R_0402_1005Metric,28.55,24.5,0,T,,,
R84,10K,R_0402_1005Metric,9.15,18.8,0,T,,,
R85,10K,R_0402_1005Metric,25.2,18.75,0,T,,,
R86,2K4,R_0402_1005Metric,69.85,43.6,90,T,,,
R87,2K4,R_0402_1005Metric,78.25,43.25,-90,T,,,
R88,4K7,R_0402_1005Metric,68.9,43.6,-90,T,,,
R89,4K7,R_0402_1005Metric,78.262513,41.35,-90,T,,,
R90,10K,R_0402_1005Metric,16.25,15.35,90,T,,,
R91,10K,R_0402_1005Metric,32.25,15.35,90,T,,,
R92,10K,R_0402_1005Metric,15.3,15.35,-90,T,,,
R93,10K,R_0402_1005Metric,15.9,21.1,-90,T,,,
R94,10K,R_0402_1005Metric,15.9,23,-90,T,,,
R95,10K,R_0402_1005Metric,31.3,15.35,-90,T,,,
R96,10K,R_0402_1005Metric,31.9,21.1,-90,T,,,
R97,10K,R_0402_1005Metric,31.9,23,-90,T,,,
R98,100K,R_0402_1005Metric,17.3,21.75,180,T,,,
R99,100K,R_0402_1005Metric,33.3,21.7,180,T,,,
R100,330,R_0402_1005Metric,20.65,16.8,0,T,,,
R101,330,R_0402_1005Metric,36.65,16.75,0,T,,,
R102,100K,R_0402_1005Metric,17.85,27.15,180,T,,,
R103,100K,R_0402_1005Metric,39.35,26.6,90,T,,,
R104,330,R_0402_1005Metric,17.85,26.15,180,T,,,
R105,330,R_0402_1005Metric,40.35,26.6,-90,T,,,
R106,100K,R_0402_1005Metric,55.4,26.8,90,T,,,
R107,330,R_0402_1005Metric,54.4,26.8,-90,T,,,
R108,100K,R_0402_1005Metric,58.75,26.4,180,T,,,
R109,330,R_0402_1005Metric,58.74,27.35,0,T,,,
R110,10K,R_0402_1005Metric,23.7,20.3,90,T,,,
R111,10K,R_0402_1005Metric,39.7,20.26,90,T,,,
R112,10K,R_0402_1005Metric,21,21.75,0,T,,,
R113,330,R_0402_1005Metric,22.55,16.8,180,T,,,
R114,10K,R_0402_1005Metric,37,21.7,0,T,,,
R115,330,R_0402_1005Metric,38.55,16.75,180,T,,,
R116,220K,R_0402_1005Metric,23.9,15.35,90,T,,,
R117,100K,R_0402_1005Metric,15.9,24.9,-90,T,,,
R118,220K,R_0402_1005Metric,39.9,15.3,90,T,,,
R119,100K,R_0402_1005Metric,31.9,24.89,-90,T,,,
R120,2K4,R_0402_1005Metric,69.8,36.55,90,T,,,
R121,2K4,R_0402_1005Metric,78.3,36.639134,90,T,,,
R122,4K7,R_0402_1005Metric,69.41,37.95,180,T,,,
R123,4K7,R_0402_1005Metric,78.3,38.55,90,T,,,
R124,10K,R_0402_1005Metric,44.4,17.25,-90,T,,,
R125,10K,R_0402_1005Metric,60.4,17.2,-90,T,,,
R126,100K,R_0402_1005Metric,44.4,19.15,-90,T,,,
R127,100K,R_0402_1005Metric,60.4,19.1,-90,T,,,
R128,330,R_0402_1005Metric,46.36,24.5,180,T,,,
R129,330,R_0402_1005Metric,62.35,24.45,180,T,,,
R130,330,R_0402_1005Metric,43,18.85,0,T,,,
R131,330,R_0402_1005Metric,58.95,18.75,0,T,,,
R132,100K,R_0402_1005Metric,44.49,24.5,0,T,,,
R133,100K,R_0402_1005Metric,60.45,24.45,0,T,,,
R134,10K,R_0402_1005Metric,41.1,18.85,0,T,,,
R135,10K,R_0402_1005Metric,57.05,18.75,0,T,,,
R136,2K4,R_0402_1005Metric,69.4,34.25,180,T,,,
R137,2K4,R_0402_1005Metric,78.3,33.75,-90,T,,,
R138,4K7,R_0402_1005Metric,69.4,33.25,0,T,,,
R139,4K7,R_0402_1005Metric,78.3,31.85,-90,T,,,
R140,10K,R_0402_1005Metric,48.15,15.35,90,T,,,
R141,10K,R_0402_1005Metric,64.15,15.3,90,T,,,
R142,10K,R_0402_1005Metric,47.2,15.35,-90,T,,,
R143,10K,R_0402_1005Metric,47.8,21.1,-90,T,,,
R144,10K,R_0402_1005Metric,47.8,23,-90,T,,,
R145,10K,R_0402_1005Metric,63.2,15.3,-90,T,,,
R146,10K,R_0402_1005Metric,63.8,21.05,-90,T,,,
R147,10K,R_0402_1005Metric,63.8,22.95,-90,T,,,
R148,100K,R_0402_1005Metric,49.2,21.7,180,T,,,
R149,100K,R_0402_1005Metric,65.2,21.7,180,T,,,
R150,330,R_0402_1005Metric,52.55,16.75,0,T,,,
R151,330,R_0402_1005Metric,68.55,16.75,0,T,,,
R152,22,R_0402_1005Metric,77.21,53.75,0,T,,,
R153,330,R_0402_1005Metric,76.2,45.7,-90,T,,,
R154,100K,R_0402_1005Metric,75.25,48.7,-90,T,,,
R160,10K,R_0402_1005Metric,55.6,20.25,90,T,,,
R161,10K,R_0402_1005Metric,71.6,20.25,90,T,,,
R162,10K,R_0402_1005Metric,52.89,21.7,0,T,,,
R163,330,R_0402_1005Metric,54.45,16.75,180,T,,,
R164,10K,R_0402_1005Metric,68.9,21.7,0,T,,,
R165,330,R_0402_1005Metric,70.45,16.75,180,T,,,
R166,220K,R_0402_1005Metric,55.85,15.3,90,T,,,
R167,100K,R_0402_1005Metric,47.8,24.86,-90,T,,,
R168,220K,R_0402_1005Metric,71.85,15.3,90,T,,,
R169,100K,R_0402_1005Metric,63.8,24.84,-90,T,,,
R170,2K4,R_0402_1005Metric,69.85,26.8,-90,T,,,
R171,2K4,R_0402_1005Metric,78.35,27.15,90,T,,,
R172,4K7,R_0402_1005Metric,68.85,26.8,90,T,,,
R173,4K7,R_0402_1005Metric,78.334053,29.05,90,T,,,
R174,100K,R_0402_1005Metric,11.660051,86.963599,0,T,,,
R175,100K,R_0402_1005Metric,27.531805,86.953656,0,T,,,
R176,4K7,R_0402_1005Metric,11.666382,85.992322,180,T,,,
R177,4K7,R_0402_1005Metric,27.537,85.995773,180,T,,,
R178,2K4,R_0402_1005Metric,42.3,80.05,0,T,,,
R179,2K4,R_0402_1005Metric,48.8,80.05,180,T,,,
R180,100K,R_0402_1005Metric,11.644107,87.908089,180,T,,,
R181,100K,R_0402_1005Metric,27.531468,87.899651,180,T,,,
R182,4K7,R_0402_1005Metric,44.8,80.05,0,T,,,
R183,4K7,R_0402_1005Metric,48.8,81,0,T,,,
R184,330,R_0402_1005Metric,40.4,80.05,180,T,,,
R185,330,R_0402_1005Metric,50.7,80.05,0,T,,,
R186,100K,R_0402_1005Metric,38.5,80.05,0,T,,,
R187,100K,R_0402_1005Metric,52.6,80.05,180,T,,,
R188,100K,R_0402_1005Metric,9.8,86.95,180,T,,,
R189,100K,R_0402_1005Metric,25.65,86.95,180,T,,,
R190,4K7,R_0402_1005Metric,9.8,86,0,T,,,
R191,4K7,R_0402_1005Metric,25.65,86,0,T,,,
R192,2K4,R_0402_1005Metric,42.3,71.35,0,T,,,
R193,2K4,R_0402_1005Metric,48.8,71.35,180,T,,,
R194,100K,R_0402_1005Metric,9.75,87.908089,0,T,,,
R195,100K,R_0402_1005Metric,25.663381,87.902512,0,T,,,
R196,4K7,R_0402_1005Metric,42.3,70.4,180,T,,,
R197,4K7,R_0402_1005Metric,48.8,70.4,0,T,,,
R198,330,R_0402_1005Metric,38.5,71.35,0,T,,,
R199,330,R_0402_1005Metric,52.6,71.35,180,T,,,
R200,100K,R_0402_1005Metric,40.4,71.35,180,T,,,
R201,100K,R_0402_1005Metric,50.7,71.35,0,T,,,
R202,330,R_0402_1005Metric,16.95,86.45,90,T,,,
R203,330,R_0402_1005Metric,32.85,86.46,90,T,,,
R204,330,R_0402_1005Metric,16.95,82.75,90,T,,,
R205,330,R_0402_1005Metric,32.4,82.9,0,T,,,
R206,330,R_0402_1005Metric,21.45,52.45,0,T,,,
R207,0.43,R_0805_2012Metric,35.325,79.2375,180,T,,,
R208,0.43,R_0805_2012Metric,31.925,79.2375,0,T,,,
R209,100K,R_0402_1005Metric,43.476891,86.942531,0,T,,,
R210,100K,R_0402_1005Metric,59.3,86.955722,0,T,,,
R211,4K7,R_0402_1005Metric,43.465066,86.000191,180,T,,,
R212,4K7,R_0402_1005Metric,59.3,86,180,T,,,
R213,2K4,R_0402_1005Metric,66.65,80.05,0,T,,,
R214,2K4,R_0402_1005Metric,73.16,80.05,180,T,,,
R215,100K,R_0402_1005Metric,43.487858,87.896027,180,T,,,
R216,100K,R_0402_1005Metric,59.313763,87.903052,180,T,,,
R217,4K7,R_0402_1005Metric,68.6,80.05,0,T,,,
R218,4K7,R_0402_1005Metric,71.16,80.05,180,T,,,
R219,330,R_0402_1005Metric,64.75,80.05,180,T,,,
R220,330,R_0402_1005Metric,75.05,80.05,0,T,,,
R221,100K,R_0402_1005Metric,62.85,80.05,0,T,,,
R222,100K,R_0402_1005Metric,76.95,80.05,180,T,,,
R223,100K,R_0402_1005Metric,41.606961,86.944915,180,T,,,
R224,100K,R_0402_1005Metric,57.4,86.95,180,T,,,
R225,4K7,R_0402_1005Metric,41.6,86,0,T,,,
R226,4K7,R_0402_1005Metric,57.4,86,0,T,,,
R227,2K4,R_0402_1005Metric,65.7,71.3,0,T,,,
R228,2K4,R_0402_1005Metric,73.55,70.9,-90,T,,,
R229,100K,R_0402_1005Metric,41.61691,87.896027,0,T,,,
R230,100K,R_0402_1005Metric,57.444373,87.899174,0,T,,,
R231,4K7,R_0402_1005Metric,67.15,70.85,90,T,,,
R232,4K7,R_0402_1005Metric,75,70.4,0,T,,,
R233,330,R_0402_1005Metric,62.85,71.35,0,T,,,
R234,330,R_0402_1005Metric,76.9,71.35,180,T,,,
R235,100K,R_0402_1005Metric,64.3,70.85,90,T,,,
R236,100K,R_0402_1005Metric,75,71.35,0,T,,,
R237,330,R_0402_1005Metric,48.8,86.45,90,T,,,
R238,330,R_0402_1005Metric,64.6,86.5,90,T,,,
R239,330,R_0402_1005Metric,48.8,82.75,90,T,,,
R240,330,R_0402_1005Metric,64.2,82.75,0,T,,,
R242,0.43,R_0805_2012Metric,58.68,79.25,180,T,,,
R243,0.43,R_0805_2012Metric,55.28,79.25,0,T,,,
SW1,SW_Omron_B3FS,SW_Push_1P1T_NO_6x6mm_H9.5mm,33.55,30.875,90,T,,,
SW2,SW_Omron_B3FS,SW_Push_1P1T_NO_6x6mm_H9.5mm,63.55,30.875,-90,T,,,
SW3,SW_Omron_B3FS,SW_Push_1P1T_NO_6x6mm_H9.5mm,4.8,17.25,-90,T,,,
SW5,SW_Omron_B3FS,SW_Push_1P1T_NO_6x6mm_H9.5mm,48.55,30.875,90,T,,,
U1,LSM6DSL,LGA-14_3x2.5mm_P0.5mm_LayoutBorder3x4y,34.65,55,180,T,,,
U2,STM32L496ZGTx,LQFP-144_20x20mm_P0.5mm,54.9,50.6,180,T,,,
U3,SSD1306,128x64OLED,48.34,57.55,0,T,,,
U4,W25X40CLSS,SOIC-8_5.275x5.275mm_P1.27mm,34.65,50.25,0,T,,,
U5,FUSB302B01MPX,WQFN-14-1EP_2.5x2.5mm_P0.5mm_EP1.45x1.45mm,8.95,43.1625,0,T,,,
U6,BQ25601,Texas_S-PWQFN-N24_EP2.7x2.7mm_ThermalVias,18,43.725,90,T,,,
U7,AP2127K-3.3,SOT-23-5,2.55,44.5375,-90,T,,,
U8,PAM2423AECADJR,SOIC-8-1EP_3.9x4.9mm_P1.27mm_EP2.29x3mm_ThermalVias,14.55,56.205,0,T,,,
U9,PAM2423AECADJR,SOIC-8-1EP_3.9x4.9mm_P1.27mm_EP2.29x3mm_ThermalVias,14.43,70.65,0,T,,,
U10,LMV324,SOIC-14_3.9x8.7mm_P1.27mm,74.05,39.95,0,T,,,
U11,LMV324,SOIC-14_3.9x8.7mm_P1.27mm,74.075,30.45,0,T,,,
U12,LMV324,SOIC-14_3.9x8.7mm_P1.27mm,45.55,75.7,90,T,,,
U13,SN74LVC1G14DBV,SOT-23-5,19.5,86.6,180,T,,,
U14,SN74LVC1G14DBV,SOT-23-5,35.4,86.65,180,T,,,
U15,SN74LVC1G14DBV,SOT-23-5,19.5,83.2,180,T,,,
U16,SN74LVC1G14DBV,SOT-23-5,35.4,83.2,180,T,,,
U17,DRV8833PWP,HTSSOP-16-1EP_4.4x5mm_P0.65mm_EP3.4x5mm_Mask2.46x2.31mm_ThermalVias,33.55,73.7,-90,T,,,
U18,LMV324,SOIC-14_3.9x8.7mm_P1.27mm,69.9,75.7,90,T,,,
U19,SN74LVC1G14DBV,SOT-23-5,51.35,86.6,180,T,,,
U20,SN74LVC1G14DBV,SOT-23-5,67.15,86.7,180,T,,,
U21,SN74LVC1G14DBV,SOT-23-5,51.3375,83.2,180,T,,,
U22,SN74LVC1G14DBV,SOT-23-5,67.2,83.25,180,T,,,
U23,DRV8833PWP,HTSSOP-16-1EP_4.4x5mm_P0.65mm_EP3.4x5mm_Mask2.46x2.31mm_ThermalVias,56.9,73.65,-90,T,,,
Y2,8Z-24.000MAAJ-T,Crystal_SMD_Abracon_ABM10-4Pin_2.5x2.0mm,72.6625,52.3,0,T,,,
